{"loss_history": [0.77235, 0.52391, 0.43647, 0.40437, 0.40629, 0.39533, 0.37866, 0.36957, 0.36593, 0.36705, 0.35414, 0.35577, 0.34823, 0.33614, 0.34373, 0.33145, 0.32994, 0.32461, 0.31447, 0.31601, 0.31427, 0.31968, 0.32033, 0.30966, 0.31196, 0.30416, 0.30189, 0.30011, 0.2927, 0.29745, 0.28999, 0.29491, 0.29286, 0.28264, 0.2911, 0.28369, 0.29077, 0.28256, 0.277, 0.28374, 0.27528, 0.27791, 0.27384, 0.26745, 0.27184, 0.26404, 0.27463, 0.26698, 0.26432, 0.25184, 0.25617, 0.25959, 0.24992, 0.25332, 0.25562, 0.25418, 0.25031, 0.25062, 0.25343, 0.24302, 0.25582, 0.24947, 0.24672, 0.24535, 0.23682, 0.24483, 0.23866, 0.24402, 0.24452, 0.23911, 0.24296, 0.23497, 0.23718, 0.23553, 0.22714, 0.23435, 0.22584, 0.23188, 0.23704, 0.23286, 0.2289, 0.23236, 0.22942, 0.22995, 0.22473, 0.23035, 0.22628, 0.2276, 0.22473, 0.21414, 0.21967, 0.2171, 0.22652, 0.22931, 0.22805, 0.22516, 0.22141, 0.22038, 0.22227, 0.22389, 0.22388, 0.22409, 0.21419, 0.22512, 0.21515, 0.2209, 0.21123, 0.21433, 0.21628, 0.21899, 0.22056, 0.21123, 0.21673, 0.21204, 0.21694, 0.21506, 0.21761, 0.20713, 0.21393, 0.20878, 0.2081, 0.21455, 0.21685, 0.21077, 0.20425, 0.20877, 0.21139, 0.20731, 0.20371, 0.20649, 0.20148, 0.20188, 0.20834, 0.20248, 0.20033, 0.21193, 0.203, 0.20088, 0.20262, 0.19685, 0.20609, 0.20316, 0.19911, 0.20751, 0.19946, 0.19391, 0.19866, 0.20939, 0.19662, 0.20387, 0.20339, 0.19436, 0.19956, 0.20009, 0.19736, 0.20073, 0.19791, 0.19875, 0.19704, 0.20011, 0.20104, 0.20211, 0.19309, 0.20386, 0.19922, 0.19911, 0.19156, 0.19614, 0.19554, 0.18969, 0.19397, 0.19258, 0.19712, 0.19376, 0.19501, 0.19441, 0.19504, 0.19697, 0.19448, 0.19054, 0.19365, 0.18765, 0.19403, 0.18957, 0.19332, 0.19533, 0.1921, 0.19382, 0.1828, 0.1877, 0.18877, 0.1833, 0.18854, 0.1836, 0.18655, 0.19064, 0.18812, 0.1865, 0.19119, 0.1865, 0.18806, 0.18409, 0.19089, 0.18761, 0.18715, 0.18514, 0.17753, 0.18305, 0.18159, 0.18525, 0.18908, 0.18889, 0.18568, 0.18186, 0.18101, 0.1866, 0.18519, 0.18631, 0.18675, 0.17901, 0.19184, 0.18214, 0.18611, 0.18111, 0.18082, 0.18051, 0.18406, 0.18621, 0.17727, 0.18297, 0.17924, 0.17999, 0.17853, 0.18235, 0.17337, 0.18279, 0.17781, 0.17443, 0.17995, 0.18529, 0.17755, 0.1753, 0.17885, 0.17868, 0.17523, 0.17547, 0.17813, 0.1727, 0.17452, 0.18225, 0.17193, 0.16944, 0.18005, 0.17344, 0.17343, 0.17174, 0.16838], "test_loss_history": [], "train_metric_history": {"r2": [0.27229, 0.45615, 0.52082, 0.54464, 0.54293, 0.55213, 0.5644, 0.57094, 0.57327, 0.57319, 0.58212, 0.58071, 0.5866, 0.59624, 0.59032, 0.59982, 0.60019, 0.60388, 0.61264, 0.61101, 0.61196, 0.60886, 0.60741, 0.61619, 0.61415, 0.61924, 0.62176, 0.62292, 0.62779, 0.62385, 0.62959, 0.62626, 0.6278, 0.63476, 0.62881, 0.63399, 0.62847, 0.6356, 0.63916, 0.63461, 0.64058, 0.63785, 0.64177, 0.64547, 0.64211, 0.64796, 0.64183, 0.6463, 0.64795, 0.65711, 0.65355, 0.65206, 0.6586, 0.65597, 0.65386, 0.65509, 0.65739, 0.65755, 0.65518, 0.6631, 0.65346, 0.65863, 0.65969, 0.66038, 0.66798, 0.66191, 0.66624, 0.66229, 0.66105, 0.66555, 0.66294, 0.66831, 0.66706, 0.66842, 0.67369, 0.66774, 0.67468, 0.67027, 0.66624, 0.66893, 0.67244, 0.66907, 0.67137, 0.67234, 0.67519, 0.67103, 0.67463, 0.67277, 0.67568, 0.68259, 0.67826, 0.68006, 0.67333, 0.6724, 0.67246, 0.67455, 0.67751, 0.67775, 0.67717, 0.67562, 0.67578, 0.67561, 0.68383, 0.67547, 0.68203, 0.67852, 0.68432, 0.68227, 0.68048, 0.67884, 0.67918, 0.68538, 0.67986, 0.68412, 0.6808, 0.68202, 0.68014, 0.68727, 0.68289, 0.68724, 0.68642, 0.6819, 0.68034, 0.68347, 0.68975, 0.68594, 0.68456, 0.68633, 0.68981, 0.68771, 0.69192, 0.69114, 0.68681, 0.69078, 0.69151, 0.68324, 0.68945, 0.69265, 0.68998, 0.69429, 0.68825, 0.68992, 0.69289, 0.68687, 0.6922, 0.69604, 0.69337, 0.68532, 0.69523, 0.68952, 0.68927, 0.69571, 0.69163, 0.69374, 0.69355, 0.69204, 0.69372, 0.69205, 0.69494, 0.69224, 0.69116, 0.69096, 0.69716, 0.69002, 0.69282, 0.69261, 0.69827, 0.69422, 0.69575, 0.70003, 0.69637, 0.69677, 0.69391, 0.69586, 0.69531, 0.69521, 0.69566, 0.69359, 0.69587, 0.69797, 0.69571, 0.7011, 0.69641, 0.69937, 0.6966, 0.69445, 0.69736, 0.69624, 0.7036, 0.70049, 0.70012, 0.70296, 0.69858, 0.70272, 0.70068, 0.69804, 0.69923, 0.70093, 0.69686, 0.70033, 0.7006, 0.70262, 0.69735, 0.70058, 0.70012, 0.70222, 0.70704, 0.7028, 0.70394, 0.7011, 0.69951, 0.69884, 0.7015, 0.70392, 0.7044, 0.70089, 0.70156, 0.70117, 0.70067, 0.70729, 0.69736, 0.70407, 0.70168, 0.70445, 0.7048, 0.70444, 0.70198, 0.70211, 0.70782, 0.70264, 0.70592, 0.70547, 0.70668, 0.70345, 0.7099, 0.70341, 0.70744, 0.70863, 0.70493, 0.70142, 0.70554, 0.70878, 0.70588, 0.7062, 0.70752, 0.70815, 0.7062, 0.71084, 0.7091, 0.70382, 0.71097, 0.71203, 0.70434, 0.70902, 0.71062, 0.7102, 0.71311]}, "test_metric_history": {}, "train_time_history": [7.984, 7.449, 7.516, 7.423, 7.517, 7.648, 7.525, 7.476, 7.569, 7.5, 7.504, 7.513, 7.586, 7.545, 7.618, 7.957, 7.777, 7.868, 7.893, 8.001, 7.937, 7.911, 7.982, 7.968, 7.613, 7.741, 7.86, 7.778, 7.908, 8.186, 8.038, 8.369, 8.981, 7.951, 8.003, 8.519, 7.992, 7.905, 8.04, 7.855, 7.985, 8.031, 7.743, 7.579, 7.534, 7.641, 152.0, 8.289, 6.999, 6.989, 6.983, 7.02, 6.981, 7.079, 7.08, 7.007, 7.75, 7.002, 6.944, 7.235, 7.968, 6.934, 7.577, 7.292, 6.955, 6.938, 7.003, 6.869, 6.852, 7.004, 6.859, 6.855, 6.863, 7.064, 7.106, 6.874, 6.882, 6.911, 6.942, 7.025, 7.41, 6.88, 6.866, 6.969, 6.959, 7.602, 7.186, 7.009, 6.944, 7.862, 7.793, 6.955, 7.024, 6.915, 6.904, 6.898, 6.898, 6.937, 6.937, 6.906, 6.889, 6.893, 7.003, 7.045, 7.449, 6.936, 7.446, 7.673, 6.985, 6.965, 6.854, 6.859, 6.856, 6.933, 6.855, 6.864, 6.854, 6.862, 6.855, 6.858, 6.871, 6.86, 6.856, 6.858, 6.845, 6.859, 6.878, 6.947, 7.166, 7.818, 7.6, 7.095, 7.254, 7.117, 6.901, 6.954, 6.912, 6.912, 7.028, 6.985, 6.994, 6.928, 7.123, 7.042, 6.908, 6.889, 6.876, 6.875, 6.923, 6.923, 6.938, 6.952, 6.949, 6.884, 6.879, 7.06, 7.639, 8.752, 7.024, 7.745, 7.223, 7.168, 7.796, 101.636, 7.19, 7.311, 7.355, 7.396, 7.245, 7.241, 7.363, 7.35, 7.647, 7.655, 7.719, 7.631, 7.372, 7.566, 7.428, 7.428, 7.334, 7.353, 7.278, 7.383, 7.28, 7.38, 7.481, 7.562, 7.29, 7.297, 7.271, 7.349, 7.296, 7.313, 7.289, 7.327, 7.281, 7.402, 7.379, 7.409, 8.008, 7.439, 7.882, 7.49, 8.027, 7.536, 7.966, 8.058, 7.22, 7.252, 8.006, 7.207, 7.24, 7.791, 7.336, 7.306, 7.272, 8.045, 7.242, 7.231, 7.239, 7.195, 7.245, 7.316, 7.294, 7.302, 7.302, 7.325, 7.269, 7.28, 7.294, 7.296, 7.304, 7.291, 7.302, 7.314, 7.315, 7.301, 7.282, 7.342, 7.263, 7.261, 7.286, 7.275, 7.321, 7.596, 7.279, 7.304, 7.268, 7.284, 7.266, 7.902, 7.211, 7.248, 7.301, 7.5, 7.975], "epochs": 257}