{"loss_history": [0.64526, 0.39623, 0.32199, 0.30887, 0.28548, 0.28096, 0.25046, 0.25932, 0.25616, 0.2504, 0.23993, 0.24452, 0.22646, 0.21783, 0.22817, 0.21246, 0.21452, 0.20346, 0.20812, 0.2066, 0.20673, 0.206, 0.19955, 0.20072, 0.19816, 0.20154, 0.19588, 0.19758, 0.19531, 0.18644, 0.19129, 0.18702, 0.19114, 0.18459, 0.19292, 0.18031, 0.18737, 0.18063, 0.17998, 0.185, 0.18634, 0.18393, 0.17978, 0.17777, 0.17914, 0.18144, 0.17984, 0.17689, 0.1733, 0.17287, 0.17008, 0.17135, 0.16952, 0.17336, 0.18066, 0.16726, 0.1765, 0.17353, 0.17232, 0.17063, 0.16759, 0.1658, 0.16475, 0.16742, 0.16358, 0.16857, 0.17305, 0.16312, 0.17419, 0.16699, 0.16312, 0.16451, 0.17204, 0.156, 0.16301, 0.17058, 0.16301, 0.16555, 0.16692, 0.15867, 0.16065, 0.16491, 0.16336, 0.16397, 0.15913, 0.16123, 0.1615, 0.16232, 0.1599, 0.16308, 0.15685, 0.16249, 0.15999, 0.15789, 0.16288, 0.15418, 0.15035, 0.15731, 0.15943, 0.15448, 0.15662, 0.16207, 0.15731, 0.15388, 0.15274, 0.1508, 0.15724, 0.15975, 0.15238, 0.16065, 0.15064, 0.15131, 0.14842, 0.15506, 0.15438, 0.15185, 0.15628, 0.15462, 0.15384, 0.15683, 0.15373, 0.1521, 0.14555, 0.14918, 0.14379, 0.15572, 0.14741, 0.15496, 0.15279, 0.14913, 0.15162, 0.14544, 0.15036, 0.15179, 0.1466, 0.15302, 0.14977, 0.14969, 0.15029, 0.14639, 0.14712, 0.15062, 0.1527, 0.14804, 0.15004, 0.14213, 0.14429, 0.14798, 0.14427, 0.14042, 0.14471, 0.1415, 0.13785, 0.14657, 0.14372, 0.13646, 0.14137, 0.14425, 0.14236, 0.1459, 0.14475, 0.14278, 0.14014, 0.13735, 0.13507, 0.13772, 0.14584, 0.14212, 0.13681, 0.14342, 0.14167, 0.13838, 0.13747, 0.1429, 0.1456, 0.13693, 0.14238], "test_loss_history": [0.44058, 0.35668, 0.32877, 0.30962, 0.30887, 0.28257, 0.24797, 0.27789, 0.26194, 0.24449, 0.25706, 0.25108, 0.2271, 0.23874, 0.21472, 0.20367, 0.22298, 0.21501, 0.22479, 0.23901, 0.21212, 0.20003, 0.20793, 0.20003, 0.21353, 0.24558, 0.19284, 0.20257, 0.2179, 0.19139, 0.18545, 0.21062, 0.20779, 0.19336, 0.18789, 0.18438, 0.17916, 0.21444, 0.19203, 0.19631, 0.18342, 0.17578, 0.19493, 0.19255, 0.18912, 0.17964, 0.17937, 0.19944, 0.18217, 0.17865, 0.16644, 0.17897, 0.18922, 0.18111, 0.17122, 0.18964, 0.19153, 0.18056, 0.18106, 0.17932, 0.17831, 0.17712, 0.18435, 0.18727, 0.16986, 0.17855, 0.17927, 0.18365, 0.17836, 0.1675, 0.15981, 0.17551, 0.17249, 0.16644, 0.16806, 0.19188, 0.17806, 0.16878, 0.19049, 0.1684, 0.16446, 0.1838, 0.16689, 0.179, 0.17236, 0.17969, 0.17335, 0.16693, 0.16376, 0.15851, 0.17849, 0.17647, 0.18166, 0.18897, 0.18985, 0.16667, 0.15789, 0.17005, 0.17026, 0.18259, 0.16576, 0.16075, 0.16765, 0.16768, 0.16715, 0.15706, 0.16807, 0.1786, 0.15351, 0.18031, 0.16971, 0.15852, 0.171, 0.17086, 0.14801, 0.1562, 0.15951, 0.1581, 0.17671, 0.17265, 0.16536, 0.15077, 0.16801, 0.17097, 0.16089, 0.15971, 0.18252, 0.16042, 0.16349, 0.16796, 0.16308, 0.15591, 0.18458, 0.14616, 0.17456, 0.18922, 0.16294, 0.1661, 0.1659, 0.1596, 0.15924, 0.18861, 0.15979, 0.15624, 0.15347, 0.16152, 0.15284, 0.15792, 0.16095, 0.14626, 0.15298, 0.15008, 0.16834, 0.15411, 0.16426, 0.13478, 0.13791, 0.147, 0.13912, 0.16012, 0.17321, 0.15284, 0.16907, 0.14099, 0.15296, 0.15435, 0.15528, 0.17021, 0.16426, 0.16903, 0.15817, 0.15823, 0.1459, 0.17208, 0.14084, 0.16232, 0.13414], "train_metric_history": {"r2": [0.36918, 0.55994, 0.61442, 0.62376, 0.64006, 0.64288, 0.66411, 0.65633, 0.65833, 0.66245, 0.66953, 0.66583, 0.67915, 0.68443, 0.67572, 0.68853, 0.68676, 0.693, 0.69094, 0.69177, 0.69216, 0.69364, 0.69672, 0.69565, 0.69815, 0.6943, 0.69845, 0.69792, 0.69956, 0.70595, 0.70214, 0.70386, 0.70302, 0.70768, 0.70112, 0.7096, 0.70507, 0.7078, 0.70893, 0.70686, 0.70485, 0.70706, 0.71049, 0.7106, 0.71008, 0.70881, 0.70964, 0.71331, 0.7146, 0.7153, 0.71579, 0.71492, 0.71631, 0.71464, 0.70914, 0.71858, 0.71213, 0.71437, 0.71465, 0.71519, 0.71798, 0.7169, 0.71743, 0.71653, 0.72109, 0.71632, 0.71411, 0.72045, 0.71264, 0.71677, 0.72162, 0.71922, 0.71656, 0.7235, 0.72046, 0.71465, 0.7205, 0.71966, 0.71966, 0.72362, 0.72308, 0.71858, 0.7197, 0.71931, 0.72387, 0.72312, 0.722, 0.72099, 0.72217, 0.72109, 0.72519, 0.72204, 0.72342, 0.72538, 0.72012, 0.7263, 0.72819, 0.72618, 0.72262, 0.72511, 0.7265, 0.72152, 0.72427, 0.72602, 0.72823, 0.72873, 0.72557, 0.723, 0.72912, 0.72242, 0.72792, 0.72729, 0.73001, 0.72626, 0.72677, 0.72692, 0.72455, 0.72508, 0.72837, 0.72317, 0.72872, 0.72902, 0.73262, 0.72942, 0.73433, 0.72552, 0.73096, 0.7253, 0.72969, 0.73209, 0.72748, 0.73171, 0.7304, 0.7285, 0.73167, 0.72818, 0.72916, 0.73005, 0.729, 0.73042, 0.73141, 0.72983, 0.72822, 0.73, 0.7291, 0.73308, 0.73318, 0.73107, 0.73313, 0.73525, 0.73314, 0.73506, 0.73619, 0.73156, 0.73411, 0.73866, 0.73354, 0.73364, 0.73467, 0.73255, 0.73435, 0.73399, 0.73698, 0.7371, 0.74042, 0.73686, 0.73281, 0.73411, 0.73802, 0.73573, 0.73567, 0.73747, 0.7375, 0.73486, 0.73312, 0.7373, 0.73495]}, "test_metric_history": {"r2": [0.52414, 0.58801, 0.61094, 0.62269, 0.62491, 0.63899, 0.66517, 0.64581, 0.65516, 0.66726, 0.65983, 0.66599, 0.67832, 0.67171, 0.68442, 0.69468, 0.68295, 0.68698, 0.67995, 0.6666, 0.68667, 0.69655, 0.69187, 0.70104, 0.6884, 0.66654, 0.70638, 0.69616, 0.68906, 0.70322, 0.70821, 0.68867, 0.692, 0.70259, 0.70494, 0.70639, 0.71257, 0.68492, 0.70193, 0.70079, 0.70635, 0.71482, 0.69954, 0.70345, 0.70392, 0.71057, 0.70913, 0.69549, 0.71084, 0.71142, 0.72073, 0.71098, 0.70689, 0.71467, 0.7147, 0.70723, 0.70165, 0.7093, 0.70659, 0.70817, 0.71098, 0.71096, 0.70609, 0.70598, 0.71591, 0.71094, 0.71037, 0.71202, 0.70946, 0.71868, 0.72518, 0.71433, 0.71696, 0.72146, 0.71717, 0.70498, 0.70978, 0.7209, 0.70268, 0.71989, 0.72281, 0.70797, 0.71825, 0.70959, 0.71703, 0.71057, 0.71641, 0.71429, 0.72325, 0.72327, 0.71432, 0.71052, 0.71009, 0.70122, 0.70424, 0.7237, 0.72685, 0.71661, 0.71699, 0.70738, 0.71854, 0.72052, 0.72221, 0.71324, 0.71833, 0.72559, 0.7174, 0.71051, 0.72532, 0.71414, 0.71776, 0.72654, 0.7109, 0.71422, 0.73011, 0.72289, 0.72323, 0.72711, 0.71141, 0.71128, 0.72003, 0.72536, 0.71981, 0.71408, 0.72424, 0.72329, 0.7104, 0.72487, 0.71794, 0.71971, 0.72153, 0.72567, 0.71045, 0.73277, 0.72032, 0.70378, 0.71942, 0.72303, 0.72048, 0.72004, 0.72567, 0.70966, 0.72406, 0.72772, 0.72771, 0.72384, 0.72611, 0.72838, 0.72607, 0.73234, 0.72553, 0.73124, 0.71768, 0.72378, 0.72083, 0.73881, 0.73505, 0.73266, 0.73758, 0.72439, 0.71963, 0.73345, 0.71613, 0.7377, 0.72593, 0.72589, 0.7284, 0.71476, 0.72599, 0.7207, 0.72577, 0.72505, 0.73041, 0.71569, 0.73862, 0.72368, 0.74071]}, "train_time_history": [7.565, 6.767, 6.759, 6.891, 6.82, 6.794, 7.041, 6.896, 6.869, 6.815, 6.872, 6.785, 6.929, 7.545, 7.286, 7.872, 7.89, 8.74, 7.584, 6.793, 6.929, 7.439, 7.803, 7.496, 7.487, 7.767, 7.818, 6.836, 6.93, 6.943, 6.803, 6.747, 6.822, 6.828, 6.808, 6.956, 7.342, 7.757, 7.318, 8.364, 7.425, 7.849, 7.817, 7.221, 7.779, 7.806, 6.813, 7.848, 6.903, 7.86, 7.854, 7.257, 7.249, 7.337, 7.866, 7.327, 8.311, 8.425, 7.258, 7.905, 7.772, 7.788, 7.573, 6.926, 7.196, 8.178, 6.807, 7.555, 7.417, 8.065, 8.037, 8.062, 7.789, 7.551, 7.365, 7.424, 6.818, 7.487, 7.486, 7.347, 7.483, 7.381, 8.054, 6.91, 7.84, 7.412, 7.413, 7.376, 8.051, 6.891, 6.928, 8.058, 6.764, 7.394, 7.376, 7.726, 8.088, 7.651, 7.573, 7.061, 6.753, 6.75, 6.788, 6.702, 6.709, 6.761, 6.782, 7.614, 6.881, 6.79, 6.78, 6.742, 6.736, 6.708, 6.727, 6.731, 6.85, 7.598, 7.67, 7.93, 7.63, 7.637, 7.725, 7.656, 7.728, 6.751, 7.703, 7.307, 7.321, 7.78, 6.749, 7.31, 6.99, 6.956, 6.748, 6.831, 6.751, 6.909, 6.796, 6.795, 6.787, 6.762, 6.775, 6.781, 6.769, 6.782, 6.817, 6.85, 6.764, 6.818, 6.749, 6.833, 6.866, 7.095, 7.46, 7.365, 6.926, 6.877, 6.879, 6.891, 6.874, 6.842, 6.831, 7.288, 6.824, 8.1, 7.76, 7.016, 6.894, 6.892, 6.815, 6.869, 6.845, 6.843, 6.847, 6.855, 6.85], "epochs": 177}