{"loss_history": [0.32739, 0.07777, 0.05413, 0.04351, 0.03623, 0.02993, 0.02739, 0.02358, 0.02288, 0.0208, 0.0166, 0.01309, 0.01357, 0.01296, 0.01234, 0.01317, 0.01155, 0.01134, 0.00732, 0.0088, 0.00601, 0.00818, 0.00672, 0.00688, 0.0033, 0.00563, 0.00448, 0.00319, 0.00403, 0.00235, 0.00154, 0.00303, 0.00115, 0.00454, 0.00063, 0.00075, -0.00014, 0.00094, 0.00133, 0.00142, -0.00184, 0.00082, -0.00073, -0.00195, -0.00248, -0.00111, -0.0028, -0.00252, -0.00259, -0.00315, -0.00349, -0.00382, -0.00274, -0.0039, -0.00354, -0.00354], "test_loss_history": [0.10144, 0.04975, 0.03962, 0.03864, 0.03295, 0.02844, 0.03685, 0.01608, 0.01713, 0.02388, 0.02378, 0.01117, 0.00431, 0.01563, 0.00513, 0.02363, 0.01214, 0.01765, 0.0112, 0.0141, 0.00664, 0.00751, 0.00461, 0.0067, 0.00697, 0.01239, 0.00457, -0.00452, 0.00149, 0.00568, 0.01359, 0.00028, -0.00045, 0.00573, 0.00053, -0.00156, 0.00048, 0.00698, 0.00373, -0.00158, 0.00055, -0.00781, -0.00226, -0.00621, -0.0011, -0.00551, -0.00245, -0.00424, -0.0038, 0.00308, -0.00665, -0.00469, -0.00671, -0.00784, -0.0002, -0.00702], "train_metric_history": {"r2": [0.61495, 0.83389, 0.85447, 0.86374, 0.87017, 0.87592, 0.87783, 0.88141, 0.88183, 0.88367, 0.88751, 0.89062, 0.89029, 0.89055, 0.89121, 0.89028, 0.89211, 0.89213, 0.8958, 0.89417, 0.89685, 0.89488, 0.89636, 0.89608, 0.89901, 0.89714, 0.89802, 0.89932, 0.89864, 0.89987, 0.90077, 0.8993, 0.90102, 0.89815, 0.9017, 0.90126, 0.90213, 0.90107, 0.90103, 0.90095, 0.90352, 0.90148, 0.90264, 0.90378, 0.90421, 0.90304, 0.90454, 0.90439, 0.90444, 0.90489, 0.90505, 0.90556, 0.90441, 0.90549, 0.9052, 0.90505]}, "test_metric_history": {"r2": [0.81315, 0.85722, 0.8661, 0.86842, 0.87239, 0.87626, 0.8709, 0.88884, 0.88665, 0.88108, 0.88112, 0.89207, 0.89778, 0.88903, 0.89762, 0.88068, 0.89239, 0.88585, 0.89143, 0.88882, 0.89634, 0.89539, 0.8986, 0.89711, 0.89689, 0.89048, 0.89789, 0.90807, 0.90106, 0.89554, 0.8914, 0.90161, 0.90285, 0.89678, 0.90109, 0.90393, 0.90023, 0.89622, 0.89871, 0.90321, 0.89964, 0.90712, 0.90341, 0.90756, 0.90326, 0.90613, 0.90456, 0.9065, 0.90569, 0.8983, 0.90846, 0.90621, 0.90804, 0.90775, 0.90289, 0.90701]}, "train_time_history": [139.87, 47.884, 48.178, 49.24, 48.503, 49.35, 49.159, 48.708, 48.455, 48.314, 48.815, 48.445, 48.538, 48.104, 47.797, 48.467, 48.199, 48.016, 48.269, 47.79, 48.598, 47.987, 47.94, 49.98, 48.486, 48.532, 49.049, 48.868, 52.191, 51.439, 52.445, 49.763, 54.819, 52.758, 48.359, 48.168, 48.154, 49.126, 48.558, 49.594, 49.358, 50.064, 49.993, 48.756, 49.127, 50.036, 52.236, 55.206, 51.928, 54.418, 53.616, 109.454, 53.509, 47.736, 47.775, 47.641], "epochs": 56}