{"loss_history": [-0.38315, -0.56067, -0.5568, -0.58999, -0.60103, -0.59257, -0.60916, -0.60931, -0.66248, -0.63397], "test_loss_history": [-0.63678, -0.64965, -0.57384, -0.68189, -0.69985, -0.69014, -0.70276, -0.75042, -0.74038, -0.73521], "train_metric_history": {"r2": [0.85468, 0.88221, 0.88363, 0.88845, 0.88872, 0.8878, 0.89262, 0.8924, 0.89712, 0.89458]}, "test_metric_history": {"r2": [0.89873, 0.89695, 0.89874, 0.90863, 0.89834, 0.90946, 0.91078, 0.91598, 0.91466, 0.91222]}, "train_time_history": [1.28, 1.28, 1.326, 1.44, 1.335, 1.327, 1.311, 1.238, 1.323, 1.285], "epochs": 10}