{"loss_history": [2.43315, 2.24051, 2.2064, 2.20502, 2.1396, 2.07096, 2.02779, 2.07959, 2.10269, 2.01734, 2.04137, 2.03994, 1.96686, 1.97406], "test_loss_history": [2.20786, 1.98709, 2.22626, 1.87934, 1.98155, 2.11556, 1.87543, 1.76899, 1.97487, 2.13229, 1.84929, 1.95552, 2.10449, 1.75382], "train_metric_history": {"r2": [0.35851, 0.3866, 0.38831, 0.395, 0.40142, 0.41216, 0.41846, 0.41367, 0.40707, 0.42026, 0.41546, 0.418, 0.42868, 0.42422]}, "test_metric_history": {"r2": [0.40895, 0.44261, 0.41009, 0.44608, 0.44885, 0.41398, 0.43905, 0.46204, 0.43302, 0.40709, 0.43946, 0.44393, 0.414, 0.47166]}, "train_time_history": [1.591, 1.407, 1.563, 1.472, 1.372, 1.385, 1.345, 1.458, 1.451, 1.476, 1.368, 1.468, 1.365, 1.441], "epochs": 14}