{"loss_history": [0.54081, 0.37131, 0.29958, 0.2482, 0.22866, 0.20709, 0.19404, 0.17888, 0.17078, 0.15795, 0.1496, 0.14505, 0.13921, 0.13278, 0.1237, 0.12324, 0.11932, 0.11821, 0.1101, 0.10977], "test_loss_history": [], "train_metric_history": {"r2": [0.06442, 0.32714, 0.44242, 0.5222, 0.55437, 0.58538, 0.60595, 0.62916, 0.64276, 0.66086, 0.67293, 0.68075, 0.68706, 0.69873, 0.71186, 0.7115, 0.71932, 0.72038, 0.73318, 0.73063]}, "test_metric_history": {}, "train_time_history": [2.633, 2.547, 2.648, 2.445, 2.549, 2.452, 2.463, 2.522, 2.536, 2.504, 2.434, 2.534, 2.474, 2.457, 2.373, 1.815, 1.06, 1.321, 1.138, 2.811], "epochs": 20}